{
 "global_train_s": 8.066826300000685,
 "skus": {
  "BAG1031": {
   "segment": "Stable High contributors",
   "total_s": 101.68824229999973,
   "champion": "blend[wmean]:theta+holt_winters+catboost",
   "phase_excl_s": {
    "build_candidate_backtest_fns": 11.038292399999591,
    "pick_champion_by_holdout": 85.4330813000006,
    "fine_tune_winner": 0.00014109999938227702,
    "timeseries_kfold_cv": 1.2768254000002344,
    "rolling_origin_train_backtest": 1.9372647000000143,
    "conditional_xgb_residual_correction": 0.042069699999956356,
    "evaluate_all_candidates_test_mape": 1.56383360000018
   },
   "phase_incl_s": {
    "build_candidate_backtest_fns": 11.038292399999591,
    "pick_champion_by_holdout": 85.4330813000006,
    "fine_tune_winner": 0.00014109999938227702,
    "timeseries_kfold_cv": 1.2768254000002344,
    "rolling_origin_train_backtest": 1.9372647000000143,
    "conditional_xgb_residual_correction": 0.042069699999956356,
    "evaluate_all_candidates_test_mape": 1.56383360000018
   },
   "phase_calls": {
    "build_candidate_backtest_fns": 1,
    "pick_champion_by_holdout": 1,
    "fine_tune_winner": 1,
    "timeseries_kfold_cv": 2,
    "rolling_origin_train_backtest": 1,
    "conditional_xgb_residual_correction": 1,
    "evaluate_all_candidates_test_mape": 1
   },
   "other_s": 0.39673409999977594,
   "model_incl_s": {
    "forecast_with_global_lgbm": 0.692701500000112,
    "forecast_sarimax_with_promo": 8.238245899999129
   },
   "model_fits": {
    "forecast_with_global_lgbm": 3,
    "forecast_sarimax_with_promo": 3
   }
  },
  "ACC1080": {
   "segment": "Stable Mid contributors",
   "total_s": 17.095728899999813,
   "champion": "theta",
   "phase_excl_s": {
    "build_candidate_backtest_fns": 2.6938907999992807,
    "pick_champion_by_holdout": 12.00315110000065,
    "fine_tune_winner": 0.0001312000003963476,
    "timeseries_kfold_cv": 0.8501448999995773,
    "rolling_origin_train_backtest": 0.1009368999993967,
    "conditional_xgb_residual_correction": 0.10668170000008104,
    "evaluate_all_candidates_test_mape": 1.279851399999643
   },
   "phase_incl_s": {
    "build_candidate_backtest_fns": 2.6938907999992807,
    "pick_champion_by_holdout": 12.00315110000065,
    "fine_tune_winner": 0.0001312000003963476,
    "timeseries_kfold_cv": 0.8501448999995773,
    "rolling_origin_train_backtest": 0.1009368999993967,
    "conditional_xgb_residual_correction": 0.10668170000008104,
    "evaluate_all_candidates_test_mape": 1.279851399999643
   },
   "phase_calls": {
    "build_candidate_backtest_fns": 1,
    "pick_champion_by_holdout": 1,
    "fine_tune_winner": 1,
    "timeseries_kfold_cv": 2,
    "rolling_origin_train_backtest": 1,
    "conditional_xgb_residual_correction": 1,
    "evaluate_all_candidates_test_mape": 1
   },
   "other_s": 0.060940900000787224,
   "model_incl_s": {
    "forecast_with_global_lgbm": 0.21552359999986948,
    "forecast_sarimax_with_promo": 3.1306819999990694
   },
   "model_fits": {
    "forecast_with_global_lgbm": 3,
    "forecast_sarimax_with_promo": 3
   }
  },
  "APP1110": {
   "segment": "Stable Low contributors",
   "total_s": 21.82678600000054,
   "champion": "theta",
   "phase_excl_s": {
    "build_candidate_backtest_fns": 1.2562101000003167,
    "pick_champion_by_holdout": 18.196219800001018,
    "fine_tune_winner": 0.00010599999950500205,
    "timeseries_kfold_cv": 0.7307567999996536,
    "rolling_origin_train_backtest": 0.07130599999982223,
    "conditional_xgb_residual_correction": 0.10669690000031551,
    "evaluate_all_candidates_test_mape": 1.4126550999990286
   },
   "phase_incl_s": {
    "build_candidate_backtest_fns": 1.2562101000003167,
    "pick_champion_by_holdout": 18.196219800001018,
    "fine_tune_winner": 0.00010599999950500205,
    "timeseries_kfold_cv": 0.7307567999996536,
    "rolling_origin_train_backtest": 0.07130599999982223,
    "conditional_xgb_residual_correction": 0.10669690000031551,
    "evaluate_all_candidates_test_mape": 1.4126550999990286
   },
   "phase_calls": {
    "build_candidate_backtest_fns": 1,
    "pick_champion_by_holdout": 1,
    "fine_tune_winner": 1,
    "timeseries_kfold_cv": 2,
    "rolling_origin_train_backtest": 1,
    "conditional_xgb_residual_correction": 1,
    "evaluate_all_candidates_test_mape": 1
   },
   "other_s": 0.052835300000879215,
   "model_incl_s": {
    "forecast_with_global_lgbm": 0.19398109999929147,
    "forecast_sarimax_with_promo": 1.8242639999989478
   },
   "model_fits": {
    "forecast_with_global_lgbm": 3,
    "forecast_sarimax_with_promo": 3
   }
  },
  "ACC1117": {
   "segment": "Volatile High contributors",
   "total_s": 34.92875889999959,
   "champion": "blend[median]:local_sarimax_promo+moe+holt_winters",
   "phase_excl_s": {
    "build_candidate_backtest_fns": 1.6528561000013724,
    "pick_champion_by_holdout": 18.14228710000134,
    "fine_tune_winner": 0.00013559999933931977,
    "timeseries_kfold_cv": 4.984019899999112,
    "rolling_origin_train_backtest": 7.655798199999481,
    "conditional_xgb_residual_correction": 0.10473280000041996,
    "evaluate_all_candidates_test_mape": 1.5275646000009147
   },
   "phase_incl_s": {
    "build_candidate_backtest_fns": 1.6528561000013724,
    "pick_champion_by_holdout": 18.14228710000134,
    "fine_tune_winner": 0.00013559999933931977,
    "timeseries_kfold_cv": 4.984019899999112,
    "rolling_origin_train_backtest": 7.655798199999481,
    "conditional_xgb_residual_correction": 0.10473280000041996,
    "evaluate_all_candidates_test_mape": 1.5275646000009147
   },
   "phase_calls": {
    "build_candidate_backtest_fns": 1,
    "pick_champion_by_holdout": 1,
    "fine_tune_winner": 1,
    "timeseries_kfold_cv": 2,
    "rolling_origin_train_backtest": 1,
    "conditional_xgb_residual_correction": 1,
    "evaluate_all_candidates_test_mape": 1
   },
   "other_s": 0.8613645999976143,
   "model_incl_s": {
    "forecast_with_global_lgbm": 0.23745320000125503,
    "forecast_moe": 0.10541290000037407,
    "forecast_sarimax_with_promo": 11.20499820000623
   },
   "model_fits": {
    "forecast_with_global_lgbm": 3,
    "forecast_moe": 1,
    "forecast_sarimax_with_promo": 15
   }
  },
  "FOO1062": {
   "segment": "Volatile Mid contributors",
   "total_s": 25.218623300001127,
   "champion": "blend[median]:xgb_quantile_90+moe+catboost",
   "phase_excl_s": {
    "build_candidate_backtest_fns": 1.61224140000013,
    "pick_champion_by_holdout": 15.81841379999969,
    "fine_tune_winner": 0.00011070000073232222,
    "timeseries_kfold_cv": 1.359417100000428,
    "rolling_origin_train_backtest": 2.178404299998874,
    "conditional_xgb_residual_correction": 0.15266030000020692,
    "evaluate_all_candidates_test_mape": 3.7693347000003996
   },
   "phase_incl_s": {
    "build_candidate_backtest_fns": 1.61224140000013,
    "pick_champion_by_holdout": 15.81841379999969,
    "fine_tune_winner": 0.00011070000073232222,
    "timeseries_kfold_cv": 1.359417100000428,
    "rolling_origin_train_backtest": 2.178404299998874,
    "conditional_xgb_residual_correction": 0.15266030000020692,
    "evaluate_all_candidates_test_mape": 3.7693347000003996
   },
   "phase_calls": {
    "build_candidate_backtest_fns": 1,
    "pick_champion_by_holdout": 1,
    "fine_tune_winner": 1,
    "timeseries_kfold_cv": 2,
    "rolling_origin_train_backtest": 1,
    "conditional_xgb_residual_correction": 1,
    "evaluate_all_candidates_test_mape": 1
   },
   "other_s": 0.3280410000006668,
   "model_incl_s": {
    "forecast_with_global_lgbm": 0.2096088000016607,
    "forecast_moe": 0.11697370000001683,
    "forecast_sarimax_with_promo": 2.7657901999973546
   },
   "model_fits": {
    "forecast_with_global_lgbm": 3,
    "forecast_moe": 1,
    "forecast_sarimax_with_promo": 3
   }
  },
  "BAG1076": {
   "segment": "Volatile Low contributors",
   "total_s": 26.713282299999264,
   "champion": "blend[median]:tsb+xgb_quantile_90+catboost",
   "phase_excl_s": {
    "build_candidate_backtest_fns": 1.9503285000009782,